youtube,UCzoVL1aVjec7YKPeG59xKFg
youtube,UCkUe2e1YuRtBRRaP2XTupwg
youtube,UC_zBdZ0_H_jn41FDRG7q4Tw
youtube,UCmw-QGOHbHA5cDAvwwqUTKQ
youtube,UCEEVcDuBRDiwxfXAgQjLGug
youtube,UC9S0Ge7cw73nqvZ4FOA3gAQ
youtube,UCZWadyLVO4ZnMgLrRVtS6VA
youtube,UCmQmNeZLeJWmwIAPs_LErEg
youtube,UCjREVt2ZJU8ql-NC9Gu-TJw
youtube,UCSJKQnpmPcdkysduL0mNktg
youtube,UCfX55Sx5hEFjoC3cNs6mCUQ
youtube,UCqU1_oE0VFoMJMapKbgunFw
youtube,UCw9EjcSur6DF_hDU5uD8tRQ
youtube,UCYbK_tjZ2OrIZFBvU6CCMiA
youtube,UCkzyo69rqBoBJUyQ9jo53Bw
youtube,UCAqS8G72uv9P5HG1IfgnQ9g
youtube,UCfe2rzOnQzgEDvNzRRPUJsA
youtube,UCSMOQeBJ2RAnuFungnQOxLg
youtube,UClz49zOCnzsclUJY-t62lIw
youtube,UCEIwxahdLz7bap-VDs9h35A
youtube,UCgPyfyC9iitlTdC5PElTNYw
youtube,UCmoxjjB1ZY2W5mSbz0TpmPA
youtube,UCVp19wIb16u8fjP3jgewBYA
youtube,UCVgLl67T2SG2NWjN2vSOaCg
youtube,UClHVl2N3jPEbkNJVx-ItQIQ
youtube,UCUyeluBRhGPCW4rPe_UvBZQ
youtube,UC5Qw7uMu8_QMJHBw3mQJ62w
youtube,UCRhDeFzIg4mDL7NG-T3Tppw
youtube,UCw2ZLr-V-ZaI5Lh_u3dZjxQ
youtube,UC3cHZa7D0kEIGa5MIsO_8og
youtube,UCVtWVX2xirq6Nybf5bumqwg
youtube,UCphOK9NiPE6qnj9Mp9aHWZg
youtube,UC3vQEjRhwgH2HAOBKwLjxNA
youtube,UCFHaYFxWu4zvM6-_O54A7cw
youtube,UCr7lmzIk63PZnBw3bezl-Mg
youtube,UCvW5ZYoNR2fkn0xkanZKdWA
youtube,UCSJ4gkVC6NrvII8umztf0Ow
youtube,UCo71RUe6DX4w-Vd47rFLXPg
youtube,UCgqt1RE0k0MIr0LoyJRy2lg
youtube,UCFKE7WVJfvaHW5q283SxchA
youtube,UCjSP4hBPwH8uaL2YaOD_D-Q
youtube,UCYO_jab_esuFRV4b17AJtAw
youtube,UC1dVCqrNiP4vuoknJR_0Yfg
youtube,UC5UAwBUum7CPN5buc-_N1Fw
youtube,UCHnyfMqiRRG1u-2MsSQLbXA
youtube,UCC7auUHWkt2mSaU3GBUGCsw
youtube,UC3lJ6-Xp6mbG_MW0qllgkdw
youtube,UCnIfca4LPFVn8-FjpPVc1ow
youtube,UCUm4YFw7aD7hNxEHcaI9uNQ
youtube,UCqb4xtDkHYeiC8u-EHLl5Xg
youtube,UCDpOqh8DqtmtHk7T56BxnJw
youtube,UCtinbF-Q-fVthA0qrFQTgXQ
youtube,UCkykPv5LtJVRy8pOW-KvoWQ
youtube,UCwkfNQzKwICfPKs6V0ZUFZQ
youtube,UCrkPsvLGln62OMZRO6K-llg
youtube,UCWQXCBVcKztBDmQyfj1UwVQ
youtube,UChvigzf7VBuUl8OWAD6511Q
youtube,UCfVhjM2_XVvO5eGbOK-MO0A
youtube,UCbc7EBX98rLdPS3dgxxH2Gg
youtube,UC7NbkDxwCrFAKjk_ITAHq7A
youtube,UCH9zoXlRn8iiaiSmuazAFZw
